{
  "version": 1,
  "author": "Ghalib Alshammri",
  "editor": "wokwi",
  "parts": [
    {
      "type": "wokwi-esp32-devkit-v1",
      "id": "esp",
      "top": 0,
      "left": 0,
      "attrs": { "env": "micropython-20230426-v1.20.0" }
    },
    {
      "type": "wokwi-led",
      "id": "led1",
      "top": 2.66,
      "left": -112.6,
      "attrs": { "color": "red" }
    },
    {
      "type": "wokwi-resistor",
      "id": "r2",
      "top": 128.62,
      "left": -101.06,
      "attrs": { "value": "330" }
    }
  ],
  "connections": [
    [ "esp:TX0", "$serialMonitor:RX", "", [] ],
    [ "esp:RX0", "$serialMonitor:TX", "", [] ],
    [ "esp:GND.2", "r2:1", "black", [ "h-131.5", "v-15.38", "h-1.33" ] ],
    [ "led1:C", "r2:2", "green", [ "v50.96", "h55.77" ] ],
    [ "led1:A", "esp:D26", "green", [ "v34.3", "h61.77", "v24.67" ] ]
  ],
  "dependencies": {}
}