{
  "version": 1,
  "author": "Ghalib Alshammri",
  "editor": "wokwi",
  "parts": [
    { "type": "wokwi-esp32-devkit-v1", "id": "esp", "top": 0, "left": 0, "attrs": {} },
    {
      "type": "wokwi-led",
      "id": "led1",
      "top": 28.67,
      "left": -82.6,
      "attrs": { "color": "red" }
    },
    {
      "type": "wokwi-led",
      "id": "led2",
      "top": 35.33,
      "left": 198.73,
      "attrs": { "color": "red" }
    },
    {
      "type": "wokwi-resistor",
      "id": "r1",
      "top": 131.28,
      "left": 137.6,
      "attrs": { "value": "330" }
    },
    {
      "type": "wokwi-resistor",
      "id": "r2",
      "top": 124.61,
      "left": -89.73,
      "attrs": { "value": "330" }
    }
  ],
  "connections": [
    [ "esp:TX0", "$serialMonitor:RX", "", [] ],
    [ "esp:RX0", "$serialMonitor:TX", "", [] ],
    [ "esp:D26", "led1:A", "green", [ "h0" ] ],
    [ "esp:D27", "led2:A", "green", [ "h0" ] ],
    [ "r1:1", "esp:GND.2", "green", [ "v0" ] ],
    [ "r2:1", "esp:GND.2", "green", [ "v0" ] ],
    [ "r2:2", "led1:C", "green", [ "v-17.3", "h-38.24" ] ],
    [ "r1:2", "led2:C", "green", [ "v-43.31", "h16.43", "v-21.33" ] ]
  ],
  "dependencies": {}
}